-- ============================================================
-- Hearth — demo seed (family «Ивановы»), schema v3
-- Demo password for everyone: hearth123
-- Currency rule: a task pays the CREATOR's currency (parent→adult, child→child).
-- ============================================================

insert into app_user (id, email, display_name, avatar_color, password_hash) values
  ('22222222-0000-0000-0000-000000000001', 'mama@hearth.app', 'Мама',  '#d37b5b', crypt('hearth123', gen_salt('bf'))),
  ('22222222-0000-0000-0000-000000000002', 'papa@hearth.app', 'Папа',  '#4a6545', crypt('hearth123', gen_salt('bf'))),
  ('22222222-0000-0000-0000-000000000003', 'sasha@hearth.app','Саша',  '#b1cfa7', crypt('hearth123', gen_salt('bf'))),
  ('22222222-0000-0000-0000-000000000004', 'kira@hearth.app', 'Кира',  '#f6e29e', crypt('hearth123', gen_salt('bf')));

insert into household (id, name, invite_code, guardian, theme, created_by) values
  ('11111111-1111-1111-1111-111111111111', 'Ивановы', 'H34RTH', 'dog', 'hearth', '22222222-0000-0000-0000-000000000001');

insert into room (id, household_id, name) values
  ('99999999-0000-0000-0000-000000000001', '11111111-1111-1111-1111-111111111111', 'Кухня'),
  ('99999999-0000-0000-0000-000000000002', '11111111-1111-1111-1111-111111111111', 'Детская');

-- memberships (coins match the ledger below)
insert into membership (id, household_id, user_id, role, is_admin, coins_adult, coins_child) values
  ('33333333-0000-0000-0000-000000000001', '11111111-1111-1111-1111-111111111111', '22222222-0000-0000-0000-000000000001', 'parent', true,  0,   0),
  ('33333333-0000-0000-0000-000000000002', '11111111-1111-1111-1111-111111111111', '22222222-0000-0000-0000-000000000002', 'parent', false, 0,   0),
  ('33333333-0000-0000-0000-000000000003', '11111111-1111-1111-1111-111111111111', '22222222-0000-0000-0000-000000000003', 'child',  false, 135, 0),
  ('33333333-0000-0000-0000-000000000004', '11111111-1111-1111-1111-111111111111', '22222222-0000-0000-0000-000000000004', 'child',  false, 60,  0);

insert into goal (id, membership_id, title, emoji, target, cur, status) values
  ('55555555-0000-0000-0000-000000000001', '33333333-0000-0000-0000-000000000003', 'Новые наушники', '🎧', 800,  'adult', 'active'),
  ('55555555-0000-0000-0000-000000000002', '33333333-0000-0000-0000-000000000003', 'Самокат',        '🛴', 1500, 'adult', 'active');

-- rewards: parent-made (adult currency) + one child-made (child currency)
insert into reward_item (id, household_id, title, description, tag, cost, cur, owner_id) values
  ('44444444-0000-0000-0000-000000000001', '11111111-1111-1111-1111-111111111111', 'Вечер кино',        'Ты выбираешь фильм, родители — попкорн.', 'Развлечение', 100, 'adult', '33333333-0000-0000-0000-000000000001'),
  ('44444444-0000-0000-0000-000000000002', '11111111-1111-1111-1111-111111111111', 'Доп. час игры',     'Лечь спать на час позже.',                'Привилегия',  60,  'adult', '33333333-0000-0000-0000-000000000001'),
  ('44444444-0000-0000-0000-000000000003', '11111111-1111-1111-1111-111111111111', 'Шопинг с мамой',    'Поход за покупками вдвоём.',              'Время вместе',200, 'adult', '33333333-0000-0000-0000-000000000001'),
  ('44444444-0000-0000-0000-000000000005', '11111111-1111-1111-1111-111111111111', 'Помою твой самокат','Саша помоет за детские монеты.',          'Услуга',      40,  'child', '33333333-0000-0000-0000-000000000003');

insert into task_template (id, household_id, title, note, reward, cur, default_assignee, recurrence, weekdays, time_of_day, created_by) values
  ('77777777-0000-0000-0000-000000000001', '11111111-1111-1111-1111-111111111111', 'Полить цветы', 'Петунии на балконе.', 25, 'adult', null, 'weekly', '{1,4}', '18:00', '33333333-0000-0000-0000-000000000001');

-- approved tasks (back the ledger; parent-created => adult currency)
insert into task (id, household_id, title, reward, cur, assignee_id, created_by, status, approved_at) values
  ('66666666-0000-0000-0000-000000000001', '11111111-1111-1111-1111-111111111111', 'Выгулял собаку',  50, 'adult', '33333333-0000-0000-0000-000000000003', '33333333-0000-0000-0000-000000000001', 'approved', now()),
  ('66666666-0000-0000-0000-000000000002', '11111111-1111-1111-1111-111111111111', 'Сделать уроки',   50, 'adult', '33333333-0000-0000-0000-000000000003', '33333333-0000-0000-0000-000000000001', 'approved', now()),
  ('66666666-0000-0000-0000-000000000003', '11111111-1111-1111-1111-111111111111', 'Убрать в комнате',20, 'adult', '33333333-0000-0000-0000-000000000003', '33333333-0000-0000-0000-000000000001', 'approved', now()),
  ('66666666-0000-0000-0000-000000000004', '11111111-1111-1111-1111-111111111111', 'Вымыть посуду',   15, 'adult', '33333333-0000-0000-0000-000000000003', '33333333-0000-0000-0000-000000000001', 'approved', now()),
  ('66666666-0000-0000-0000-000000000005', '11111111-1111-1111-1111-111111111111', 'Полить кактус',   60, 'adult', '33333333-0000-0000-0000-000000000004', '33333333-0000-0000-0000-000000000001', 'approved', now());

-- live tasks: accepted / offered / submitted / board
insert into task (id, household_id, title, note, reward, cur, assignee_id, created_by, status, urgent, due_at, room_id) values
  ('66666666-0000-0000-0000-000000000011', '11111111-1111-1111-1111-111111111111', 'Покормить кота', null, 10, 'adult', '33333333-0000-0000-0000-000000000003', '33333333-0000-0000-0000-000000000001', 'accepted',  true,  now() + interval '6 hours', null),
  ('66666666-0000-0000-0000-000000000012', '11111111-1111-1111-1111-111111111111', 'Вынести мусор',  null, 10, 'adult', '33333333-0000-0000-0000-000000000003', '33333333-0000-0000-0000-000000000001', 'submitted', false, null, '99999999-0000-0000-0000-000000000001'),
  ('66666666-0000-0000-0000-000000000013', '11111111-1111-1111-1111-111111111111', 'Полить цветы',   'Балкон.', 25, 'adult', null, '33333333-0000-0000-0000-000000000001', 'open', false, null, null),
  ('66666666-0000-0000-0000-000000000014', '11111111-1111-1111-1111-111111111111', 'Разобрать обувь','Прихожая.', 15, 'adult', null, '33333333-0000-0000-0000-000000000001', 'open', false, null, null),
  ('66666666-0000-0000-0000-000000000015', '11111111-1111-1111-1111-111111111111', 'Помоги с ужином',null, 15, 'adult', '33333333-0000-0000-0000-000000000003', '33333333-0000-0000-0000-000000000001', 'offered', false, now() + interval '3 hours', '99999999-0000-0000-0000-000000000001');

-- personal task (parent's own)
insert into task (id, household_id, title, reward, cur, assignee_id, created_by, status, is_personal) values
  ('66666666-0000-0000-0000-000000000021', '11111111-1111-1111-1111-111111111111', 'Позвонить зубному', 0, 'adult', '33333333-0000-0000-0000-000000000001', '33333333-0000-0000-0000-000000000001', 'accepted', true);

-- ledger (Саша 135 adult, Кира 60 adult)
insert into transaction (household_id, membership_id, type, cur, amount, title, task_id) values
  ('11111111-1111-1111-1111-111111111111', '33333333-0000-0000-0000-000000000003', 'earn', 'adult', 50, 'Выгулял собаку',   '66666666-0000-0000-0000-000000000001'),
  ('11111111-1111-1111-1111-111111111111', '33333333-0000-0000-0000-000000000003', 'earn', 'adult', 50, 'Сделать уроки',    '66666666-0000-0000-0000-000000000002'),
  ('11111111-1111-1111-1111-111111111111', '33333333-0000-0000-0000-000000000003', 'earn', 'adult', 20, 'Убрать в комнате', '66666666-0000-0000-0000-000000000003'),
  ('11111111-1111-1111-1111-111111111111', '33333333-0000-0000-0000-000000000003', 'earn', 'adult', 15, 'Вымыть посуду',    '66666666-0000-0000-0000-000000000004'),
  ('11111111-1111-1111-1111-111111111111', '33333333-0000-0000-0000-000000000004', 'earn', 'adult', 60, 'Полить кактус',    '66666666-0000-0000-0000-000000000005');

insert into invite (household_id, code, invited_name, role, status, created_by) values
  ('11111111-1111-1111-1111-111111111111', 'HRT-BAB7', 'Бабушка', 'parent', 'pending', '33333333-0000-0000-0000-000000000001');

insert into task_event (task_id, actor_id, action) values
  ('66666666-0000-0000-0000-000000000012', '33333333-0000-0000-0000-000000000003', 'submitted');

-- a pending reward request (Саша asks Папа)
insert into reward_request (household_id, requester_id, target_id, title, note) values
  ('11111111-1111-1111-1111-111111111111', '33333333-0000-0000-0000-000000000003', '33333333-0000-0000-0000-000000000002', 'Пицца в пятницу', 'Очень хочется!');
